1	rc=0			test result: ok. 22 passed; 0 failed; 0 ignored; 0 measured; 0 filtered out; finished in 4.23s
2	rc=0			test result: ok. 22 passed; 0 failed; 0 ignored; 0 measured; 0 filtered out; finished in 4.13s
3	rc=0			test result: ok. 22 passed; 0 failed; 0 ignored; 0 measured; 0 filtered out; finished in 4.12s
4	rc=0			test result: ok. 22 passed; 0 failed; 0 ignored; 0 measured; 0 filtered out; finished in 4.19s
5	rc=0			test result: ok. 22 passed; 0 failed; 0 ignored; 0 measured; 0 filtered out; finished in 4.36s
6	rc=0			test result: ok. 22 passed; 0 failed; 0 ignored; 0 measured; 0 filtered out; finished in 4.28s
7	rc=0			test result: ok. 22 passed; 0 failed; 0 ignored; 0 measured; 0 filtered out; finished in 4.28s
8	rc=0			test result: ok. 22 passed; 0 failed; 0 ignored; 0 measured; 0 filtered out; finished in 4.28s
9	rc=0			test result: ok. 22 passed; 0 failed; 0 ignored; 0 measured; 0 filtered out; finished in 4.35s
10	rc=0			test result: ok. 22 passed; 0 failed; 0 ignored; 0 measured; 0 filtered out; finished in 4.39s
11	rc=0			test result: ok. 22 passed; 0 failed; 0 ignored; 0 measured; 0 filtered out; finished in 4.38s
12	rc=0			test result: ok. 22 passed; 0 failed; 0 ignored; 0 measured; 0 filtered out; finished in 4.38s
13	rc=0			test result: ok. 22 passed; 0 failed; 0 ignored; 0 measured; 0 filtered out; finished in 4.30s
14	rc=0			test result: ok. 22 passed; 0 failed; 0 ignored; 0 measured; 0 filtered out; finished in 4.26s
15	rc=0			test result: ok. 22 passed; 0 failed; 0 ignored; 0 measured; 0 filtered out; finished in 4.29s
16	rc=0			test result: ok. 22 passed; 0 failed; 0 ignored; 0 measured; 0 filtered out; finished in 4.32s
17	rc=0			test result: ok. 22 passed; 0 failed; 0 ignored; 0 measured; 0 filtered out; finished in 4.32s
18	rc=0			test result: ok. 22 passed; 0 failed; 0 ignored; 0 measured; 0 filtered out; finished in 4.29s
19	rc=0			test result: ok. 22 passed; 0 failed; 0 ignored; 0 measured; 0 filtered out; finished in 4.23s
20	rc=0			test result: ok. 22 passed; 0 failed; 0 ignored; 0 measured; 0 filtered out; finished in 4.28s
