2026-10-10T09:44:39Z	alone-all	01	rc=0	
2026-10-10T09:44:47Z	alone-2core	01	rc=0	
2026-10-10T09:44:53Z	alone-all	02	rc=0	
2026-10-10T09:45:01Z	alone-2core	02	rc=0	
2026-10-10T09:45:07Z	alone-all	03	rc=0	
2026-10-10T09:45:15Z	alone-2core	03	rc=0	
2026-10-10T09:45:20Z	alone-all	04	rc=0	
2026-10-10T09:45:28Z	alone-2core	04	rc=0	
2026-10-10T09:45:33Z	alone-all	05	rc=0	
2026-10-10T09:45:41Z	alone-2core	05	rc=0	
2026-10-10T09:45:47Z	alone-all	06	rc=0	
2026-10-10T09:45:55Z	alone-2core	06	rc=101	test cancelling_mid_stream_stops_production_promptly ... FAILED 
2026-10-10T09:46:00Z	alone-all	07	rc=0	
2026-10-10T09:46:08Z	alone-2core	07	rc=0	
2026-10-10T09:46:14Z	alone-all	08	rc=0	
